<?xml version="1.0" encoding="UTF-8"?>
<!-- This is a WordPress eXtended RSS file generated by WordPress as an export of your site. -->
<!-- It contains information about your site's posts, pages, comments, categories, and other content. -->
<!-- You may use this file to transfer that content from one site to another. -->
<!-- This file is not intended to serve as a complete backup of your site. -->
<!-- To import this information into a WordPress site follow these steps: -->
<!-- 1. Log in to that site as an administrator. -->
<!-- 2. Go to Tools: Import in the WordPress admin panel. -->
<!-- 3. Install the "WordPress" importer from the list. -->
<!-- 4. Activate & Run Importer. -->
<!-- 5. Upload this file using the form provided on that page. -->
<!-- 6. You will first be asked to map the authors in this export file to users -->
<!--    on the site. For each author, you may choose to map to an -->
<!--    existing user on the site or to create a new user. -->
<!-- 7. WordPress will then import each of the posts, pages, comments, categories, etc. -->
<!--    contained in this file into your site. -->
<!-- generator="WordPress/4.7" created="2017-01-02 19:11" -->
<rss xmlns:excerpt="http://wordpress.org/export/1.2/excerpt/" xmlns:content="http://purl.org/rss/1.0/modules/content/" xmlns:wfw="http://wellformedweb.org/CommentAPI/" xmlns:dc="http://purl.org/dc/elements/1.1/" xmlns:wp="http://wordpress.org/export/1.2/" version="2.0">

<channel>
	<title>Fable - Children Kindergarten WordPress Theme</title>
	<link>http://quanticalabs.com/wp_themes3/fable</link>
	<description/>
	<pubDate>Mon, 02 Jan 2017 19:11:48 +0000</pubDate>
	<language>en-US</language>
	<wp:wxr_version>1.2</wp:wxr_version>
	<wp:base_site_url>http://quanticalabs.com/wp_themes3/</wp:base_site_url>
	<wp:base_blog_url>http://quanticalabs.com/wp_themes3/fable</wp:base_blog_url>

	<wp:author><wp:author_id>3</wp:author_id><wp:author_login><![CDATA[anna]]></wp:author_login><wp:author_email><![CDATA[anna@quanticalabs.com]]></wp:author_email><wp:author_display_name><![CDATA[Anna Brown]]></wp:author_display_name><wp:author_first_name><![CDATA[Anna]]></wp:author_first_name><wp:author_last_name><![CDATA[Brown]]></wp:author_last_name></wp:author>
	<wp:author><wp:author_id>1</wp:author_id><wp:author_login><![CDATA[admin]]></wp:author_login><wp:author_email><![CDATA[debora@quanticalabs.com]]></wp:author_email><wp:author_display_name><![CDATA[Evelyn Allen]]></wp:author_display_name><wp:author_first_name><![CDATA[Evelyn]]></wp:author_first_name><wp:author_last_name><![CDATA[Allen]]></wp:author_last_name></wp:author>

	<wp:category>
		<wp:term_id>6</wp:term_id>
		<wp:category_nicename><![CDATA[dance]]></wp:category_nicename>
		<wp:category_parent><![CDATA[]]></wp:category_parent>
		<wp:cat_name><![CDATA[Dance]]></wp:cat_name>
	</wp:category>
	<wp:category>
		<wp:term_id>7</wp:term_id>
		<wp:category_nicename><![CDATA[education]]></wp:category_nicename>
		<wp:category_parent><![CDATA[]]></wp:category_parent>
		<wp:cat_name><![CDATA[Education]]></wp:cat_name>
	</wp:category>
	<wp:category>
		<wp:term_id>8</wp:term_id>
		<wp:category_nicename><![CDATA[events]]></wp:category_nicename>
		<wp:category_parent><![CDATA[]]></wp:category_parent>
		<wp:cat_name><![CDATA[Events]]></wp:cat_name>
	</wp:category>
	<wp:category>
		<wp:term_id>9</wp:term_id>
		<wp:category_nicename><![CDATA[fun]]></wp:category_nicename>
		<wp:category_parent><![CDATA[]]></wp:category_parent>
		<wp:cat_name><![CDATA[Fun]]></wp:cat_name>
	</wp:category>
	<wp:category>
		<wp:term_id>10</wp:term_id>
		<wp:category_nicename><![CDATA[games]]></wp:category_nicename>
		<wp:category_parent><![CDATA[]]></wp:category_parent>
		<wp:cat_name><![CDATA[Games]]></wp:cat_name>
	</wp:category>
	<wp:category>
		<wp:term_id>11</wp:term_id>
		<wp:category_nicename><![CDATA[general]]></wp:category_nicename>
		<wp:category_parent><![CDATA[]]></wp:category_parent>
		<wp:cat_name><![CDATA[General]]></wp:cat_name>
	</wp:category>
	<wp:category>
		<wp:term_id>12</wp:term_id>
		<wp:category_nicename><![CDATA[meetings]]></wp:category_nicename>
		<wp:category_parent><![CDATA[]]></wp:category_parent>
		<wp:cat_name><![CDATA[Meetings]]></wp:cat_name>
	</wp:category>
	<wp:category>
		<wp:term_id>13</wp:term_id>
		<wp:category_nicename><![CDATA[music]]></wp:category_nicename>
		<wp:category_parent><![CDATA[]]></wp:category_parent>
		<wp:cat_name><![CDATA[Music]]></wp:cat_name>
	</wp:category>
	<wp:category>
		<wp:term_id>14</wp:term_id>
		<wp:category_nicename><![CDATA[news]]></wp:category_nicename>
		<wp:category_parent><![CDATA[]]></wp:category_parent>
		<wp:cat_name><![CDATA[News]]></wp:cat_name>
	</wp:category>
	<wp:category>
		<wp:term_id>15</wp:term_id>
		<wp:category_nicename><![CDATA[recreation]]></wp:category_nicename>
		<wp:category_parent><![CDATA[]]></wp:category_parent>
		<wp:cat_name><![CDATA[Recreation]]></wp:cat_name>
	</wp:category>
	<wp:category>
		<wp:term_id>1</wp:term_id>
		<wp:category_nicename><![CDATA[uncategorized]]></wp:category_nicename>
		<wp:category_parent><![CDATA[]]></wp:category_parent>
		<wp:cat_name><![CDATA[Uncategorized]]></wp:cat_name>
	</wp:category>
	<wp:tag>
		<wp:term_id>16</wp:term_id>
		<wp:tag_slug><![CDATA[tag-1]]></wp:tag_slug>
		<wp:tag_name><![CDATA[Tag #1]]></wp:tag_name>
	</wp:tag>
	<wp:tag>
		<wp:term_id>17</wp:term_id>
		<wp:tag_slug><![CDATA[tag-2]]></wp:tag_slug>
		<wp:tag_name><![CDATA[Tag #2]]></wp:tag_name>
	</wp:tag>
	<wp:tag>
		<wp:term_id>18</wp:term_id>
		<wp:tag_slug><![CDATA[tag-3]]></wp:tag_slug>
		<wp:tag_name><![CDATA[Tag #3]]></wp:tag_name>
	</wp:tag>
	<wp:tag>
		<wp:term_id>19</wp:term_id>
		<wp:tag_slug><![CDATA[tag-4]]></wp:tag_slug>
		<wp:tag_name><![CDATA[Tag #4]]></wp:tag_name>
	</wp:tag>
	<wp:term>
		<wp:term_id><![CDATA[20]]></wp:term_id>
		<wp:term_taxonomy><![CDATA[events_category]]></wp:term_taxonomy>
		<wp:term_slug><![CDATA[afternoon-tea]]></wp:term_slug>
		<wp:term_parent><![CDATA[]]></wp:term_parent>
		<wp:term_name><![CDATA[Afternoon Tea]]></wp:term_name>
	</wp:term>
	<wp:term>
		<wp:term_id><![CDATA[21]]></wp:term_id>
		<wp:term_taxonomy><![CDATA[events_category]]></wp:term_taxonomy>
		<wp:term_slug><![CDATA[exercises]]></wp:term_slug>
		<wp:term_parent><![CDATA[]]></wp:term_parent>
		<wp:term_name><![CDATA[Exercises]]></wp:term_name>
	</wp:term>
	<wp:term>
		<wp:term_id><![CDATA[22]]></wp:term_id>
		<wp:term_taxonomy><![CDATA[events_category]]></wp:term_taxonomy>
		<wp:term_slug><![CDATA[late-snack]]></wp:term_slug>
		<wp:term_parent><![CDATA[]]></wp:term_parent>
		<wp:term_name><![CDATA[Late Snack]]></wp:term_name>
	</wp:term>
	<wp:term>
		<wp:term_id><![CDATA[23]]></wp:term_id>
		<wp:term_taxonomy><![CDATA[events_category]]></wp:term_taxonomy>
		<wp:term_slug><![CDATA[learning]]></wp:term_slug>
		<wp:term_parent><![CDATA[]]></wp:term_parent>
		<wp:term_name><![CDATA[Learning]]></wp:term_name>
	</wp:term>
	<wp:term>
		<wp:term_id><![CDATA[24]]></wp:term_id>
		<wp:term_taxonomy><![CDATA[events_category]]></wp:term_taxonomy>
		<wp:term_slug><![CDATA[lunch]]></wp:term_slug>
		<wp:term_parent><![CDATA[]]></wp:term_parent>
		<wp:term_name><![CDATA[Lunch]]></wp:term_name>
	</wp:term>
	<wp:term>
		<wp:term_id><![CDATA[25]]></wp:term_id>
		<wp:term_taxonomy><![CDATA[events_category]]></wp:term_taxonomy>
		<wp:term_slug><![CDATA[meals]]></wp:term_slug>
		<wp:term_parent><![CDATA[]]></wp:term_parent>
		<wp:term_name><![CDATA[Meals]]></wp:term_name>
	</wp:term>
	<wp:term>
		<wp:term_id><![CDATA[26]]></wp:term_id>
		<wp:term_taxonomy><![CDATA[events_category]]></wp:term_taxonomy>
		<wp:term_slug><![CDATA[morning-tea]]></wp:term_slug>
		<wp:term_parent><![CDATA[]]></wp:term_parent>
		<wp:term_name><![CDATA[Morning Tea]]></wp:term_name>
	</wp:term>
	<wp:term>
		<wp:term_id><![CDATA[27]]></wp:term_id>
		<wp:term_taxonomy><![CDATA[pb_team_category]]></wp:term_taxonomy>
		<wp:term_slug><![CDATA[our-staff-i]]></wp:term_slug>
		<wp:term_parent><![CDATA[]]></wp:term_parent>
		<wp:term_name><![CDATA[Our Staff I]]></wp:term_name>
	</wp:term>
	<wp:term>
		<wp:term_id><![CDATA[28]]></wp:term_id>
		<wp:term_taxonomy><![CDATA[pb_team_category]]></wp:term_taxonomy>
		<wp:term_slug><![CDATA[our-staff-ii]]></wp:term_slug>
		<wp:term_parent><![CDATA[]]></wp:term_parent>
		<wp:term_name><![CDATA[Our Staff II]]></wp:term_name>
	</wp:term>
	<wp:term>
		<wp:term_id><![CDATA[29]]></wp:term_id>
		<wp:term_taxonomy><![CDATA[events_category]]></wp:term_taxonomy>
		<wp:term_slug><![CDATA[play-time]]></wp:term_slug>
		<wp:term_parent><![CDATA[]]></wp:term_parent>
		<wp:term_name><![CDATA[Play Time]]></wp:term_name>
	</wp:term>
	<wp:term>
		<wp:term_id><![CDATA[30]]></wp:term_id>
		<wp:term_taxonomy><![CDATA[pb_team_category]]></wp:term_taxonomy>
		<wp:term_slug><![CDATA[single-teacher]]></wp:term_slug>
		<wp:term_parent><![CDATA[]]></wp:term_parent>
		<wp:term_name><![CDATA[Single Teacher]]></wp:term_name>
	</wp:term>
	<wp:term>
		<wp:term_id><![CDATA[31]]></wp:term_id>
		<wp:term_taxonomy><![CDATA[pb_team_category]]></wp:term_taxonomy>
		<wp:term_slug><![CDATA[tenderhearts]]></wp:term_slug>
		<wp:term_parent><![CDATA[]]></wp:term_parent>
		<wp:term_name><![CDATA[Tenderhearts]]></wp:term_name>
	</wp:term>
	<wp:term><wp:term_id>32</wp:term_id><wp:term_taxonomy>nav_menu</wp:term_taxonomy><wp:term_slug><![CDATA[galleries]]></wp:term_slug><wp:term_name><![CDATA[Galleries]]></wp:term_name>
</wp:term>
	<wp:term><wp:term_id>33</wp:term_id><wp:term_taxonomy>nav_menu</wp:term_taxonomy><wp:term_slug><![CDATA[instructional-videos]]></wp:term_slug><wp:term_name><![CDATA[Instructional Videos]]></wp:term_name>
</wp:term>
	<wp:term><wp:term_id>34</wp:term_id><wp:term_taxonomy>nav_menu</wp:term_taxonomy><wp:term_slug><![CDATA[main]]></wp:term_slug><wp:term_name><![CDATA[Main]]></wp:term_name>
</wp:term>
	<wp:term><wp:term_id>35</wp:term_id><wp:term_taxonomy>nav_menu</wp:term_taxonomy><wp:term_slug><![CDATA[menu-widget]]></wp:term_slug><wp:term_name><![CDATA[Menu Widget]]></wp:term_name>
</wp:term>
	<wp:term><wp:term_id>36</wp:term_id><wp:term_taxonomy>nav_menu</wp:term_taxonomy><wp:term_slug><![CDATA[scrolling-one-page]]></wp:term_slug><wp:term_name><![CDATA[Scrolling One Page]]></wp:term_name>
</wp:term>
	<wp:term><wp:term_id>37</wp:term_id><wp:term_taxonomy>nav_menu</wp:term_taxonomy><wp:term_slug><![CDATA[shortcodes]]></wp:term_slug><wp:term_name><![CDATA[Shortcodes]]></wp:term_name>
</wp:term>

	<generator>https://wordpress.org/?v=4.7</generator>

	
	
	
	
	
	
	
	
	
	
	
	
	
	
	
	
	
	
	
	
	
	
	
	
	
	
	
	
	
	
	
	
	
	
	
	
	<item>
		<title>blog_04</title>
		<link>http://quanticalabs.com/wp_themes3/fable/blog_04/</link>
		<pubDate>Fri, 03 Oct 2014 06:42:52 +0000</pubDate>
		<dc:creator><![CDATA[anna]]></dc:creator>
		<guid isPermaLink="false">http://quanticalabs.com/wp_themes3/fable/wp-content/uploads/sites/8/2014/10/blog_04.jpg</guid>
		<description/>
		<content:encoded><![CDATA[]]></content:encoded>
		<excerpt:encoded><![CDATA[]]></excerpt:encoded>
		<wp:post_id>428</wp:post_id>
		<wp:post_date><![CDATA[2014-10-03 06:42:52]]></wp:post_date>
		<wp:post_date_gmt><![CDATA[2014-10-03 06:42:52]]></wp:post_date_gmt>
		<wp:comment_status><![CDATA[open]]></wp:comment_status>
		<wp:ping_status><![CDATA[open]]></wp:ping_status>
		<wp:post_name><![CDATA[blog_04]]></wp:post_name>
		<wp:status><![CDATA[inherit]]></wp:status>
		<wp:post_parent>0</wp:post_parent>
		<wp:menu_order>0</wp:menu_order>
		<wp:post_type><![CDATA[attachment]]></wp:post_type>
		<wp:post_password><![CDATA[]]></wp:post_password>
		<wp:is_sticky>0</wp:is_sticky>
		<wp:attachment_url><![CDATA[http://quanticalabs.com/wp_themes3/fable/wp-content/uploads/sites/8/2014/10/blog_04.jpg]]></wp:attachment_url>
		<wp:postmeta>
			<wp:meta_key><![CDATA[_wp_attached_file]]></wp:meta_key>
			<wp:meta_value><![CDATA[2014/10/blog_04.jpg]]></wp:meta_value>
		</wp:postmeta>
		<wp:postmeta>
			<wp:meta_key><![CDATA[_wp_attachment_metadata]]></wp:meta_key>
			<wp:meta_value><![CDATA[a:5:{s:5:"width";i:1050;s:6:"height";i:630;s:4:"file";s:19:"2014/10/blog_04.jpg";s:5:"sizes";a:12:{s:9:"thumbnail";a:4:{s:4:"file";s:19:"blog_04-150x150.jpg";s:5:"width";i:150;s:6:"height";i:150;s:9:"mime-type";s:10:"image/jpeg";}s:6:"medium";a:4:{s:4:"file";s:19:"blog_04-300x180.jpg";s:5:"width";i:300;s:6:"height";i:180;s:9:"mime-type";s:10:"image/jpeg";}s:12:"medium_large";a:4:{s:4:"file";s:19:"blog_04-768x461.jpg";s:5:"width";i:768;s:6:"height";i:461;s:9:"mime-type";s:10:"image/jpeg";}s:5:"large";a:4:{s:4:"file";s:20:"blog_04-1024x614.jpg";s:5:"width";i:1024;s:6:"height";i:614;s:9:"mime-type";s:10:"image/jpeg";}s:16:"event-post-thumb";a:4:{s:4:"file";s:19:"blog_04-630x300.jpg";s:5:"width";i:630;s:6:"height";i:300;s:9:"mime-type";s:10:"image/jpeg";}s:20:"event-post-thumb-box";a:4:{s:4:"file";s:19:"blog_04-300x240.jpg";s:5:"width";i:300;s:6:"height";i:240;s:9:"mime-type";s:10:"image/jpeg";}s:13:"image-525-315";a:4:{s:4:"file";s:19:"blog_04-525x315.jpg";s:5:"width";i:525;s:6:"height";i:315;s:9:"mime-type";s:10:"image/jpeg";}s:13:"image-690-414";a:4:{s:4:"file";s:19:"blog_04-690x414.jpg";s:5:"width";i:690;s:6:"height";i:414;s:9:"mime-type";s:10:"image/jpeg";}s:14:"image-1050-770";a:4:{s:4:"file";s:20:"blog_04-1050x630.jpg";s:5:"width";i:1050;s:6:"height";i:630;s:9:"mime-type";s:10:"image/jpeg";}s:13:"image-690-506";a:4:{s:4:"file";s:19:"blog_04-690x506.jpg";s:5:"width";i:690;s:6:"height";i:506;s:9:"mime-type";s:10:"image/jpeg";}s:13:"image-525-385";a:4:{s:4:"file";s:19:"blog_04-525x385.jpg";s:5:"width";i:525;s:6:"height";i:385;s:9:"mime-type";s:10:"image/jpeg";}s:13:"image-525-560";a:4:{s:4:"file";s:19:"blog_04-525x560.jpg";s:5:"width";i:525;s:6:"height";i:560;s:9:"mime-type";s:10:"image/jpeg";}}s:10:"image_meta";a:12:{s:8:"aperture";s:1:"0";s:6:"credit";s:0:"";s:6:"camera";s:0:"";s:7:"caption";s:0:"";s:17:"created_timestamp";s:1:"0";s:9:"copyright";s:0:"";s:12:"focal_length";s:1:"0";s:3:"iso";s:1:"0";s:13:"shutter_speed";s:1:"0";s:5:"title";s:0:"";s:11:"orientation";s:1:"0";s:8:"keywords";a:0:{}}}]]></wp:meta_value>
		</wp:postmeta>
		<wp:postmeta>
			<wp:meta_key><![CDATA[pb_meta]]></wp:meta_key>
			<wp:meta_value><![CDATA[a:2:{s:17:"media_library_url";s:0:"";s:23:"media_library_video_url";s:0:"";}]]></wp:meta_value>
		</wp:postmeta>
	</item>
	<item>
		<title>blog_05</title>
		<link>http://quanticalabs.com/wp_themes3/fable/blog_05/</link>
		<pubDate>Fri, 03 Oct 2014 06:42:55 +0000</pubDate>
		<dc:creator><![CDATA[anna]]></dc:creator>
		<guid isPermaLink="false">http://quanticalabs.com/wp_themes3/fable/wp-content/uploads/sites/8/2014/10/blog_05.jpg</guid>
		<description/>
		<content:encoded><![CDATA[]]></content:encoded>
		<excerpt:encoded><![CDATA[]]></excerpt:encoded>
		<wp:post_id>429</wp:post_id>
		<wp:post_date><![CDATA[2014-10-03 06:42:55]]></wp:post_date>
		<wp:post_date_gmt><![CDATA[2014-10-03 06:42:55]]></wp:post_date_gmt>
		<wp:comment_status><![CDATA[open]]></wp:comment_status>
		<wp:ping_status><![CDATA[open]]></wp:ping_status>
		<wp:post_name><![CDATA[blog_05]]></wp:post_name>
		<wp:status><![CDATA[inherit]]></wp:status>
		<wp:post_parent>0</wp:post_parent>
		<wp:menu_order>0</wp:menu_order>
		<wp:post_type><![CDATA[attachment]]></wp:post_type>
		<wp:post_password><![CDATA[]]></wp:post_password>
		<wp:is_sticky>0</wp:is_sticky>
		<wp:attachment_url><![CDATA[http://quanticalabs.com/wp_themes3/fable/wp-content/uploads/sites/8/2014/10/blog_05.jpg]]></wp:attachment_url>
		<wp:postmeta>
			<wp:meta_key><![CDATA[_wp_attached_file]]></wp:meta_key>
			<wp:meta_value><![CDATA[2014/10/blog_05.jpg]]></wp:meta_value>
		</wp:postmeta>
		<wp:postmeta>
			<wp:meta_key><![CDATA[_wp_attachment_metadata]]></wp:meta_key>
			<wp:meta_value><![CDATA[a:5:{s:5:"width";i:1050;s:6:"height";i:630;s:4:"file";s:19:"2014/10/blog_05.jpg";s:5:"sizes";a:12:{s:9:"thumbnail";a:4:{s:4:"file";s:19:"blog_05-150x150.jpg";s:5:"width";i:150;s:6:"height";i:150;s:9:"mime-type";s:10:"image/jpeg";}s:6:"medium";a:4:{s:4:"file";s:19:"blog_05-300x180.jpg";s:5:"width";i:300;s:6:"height";i:180;s:9:"mime-type";s:10:"image/jpeg";}s:12:"medium_large";a:4:{s:4:"file";s:19:"blog_05-768x461.jpg";s:5:"width";i:768;s:6:"height";i:461;s:9:"mime-type";s:10:"image/jpeg";}s:5:"large";a:4:{s:4:"file";s:20:"blog_05-1024x614.jpg";s:5:"width";i:1024;s:6:"height";i:614;s:9:"mime-type";s:10:"image/jpeg";}s:16:"event-post-thumb";a:4:{s:4:"file";s:19:"blog_05-630x300.jpg";s:5:"width";i:630;s:6:"height";i:300;s:9:"mime-type";s:10:"image/jpeg";}s:20:"event-post-thumb-box";a:4:{s:4:"file";s:19:"blog_05-300x240.jpg";s:5:"width";i:300;s:6:"height";i:240;s:9:"mime-type";s:10:"image/jpeg";}s:13:"image-525-315";a:4:{s:4:"file";s:19:"blog_05-525x315.jpg";s:5:"width";i:525;s:6:"height";i:315;s:9:"mime-type";s:10:"image/jpeg";}s:13:"image-690-414";a:4:{s:4:"file";s:19:"blog_05-690x414.jpg";s:5:"width";i:690;s:6:"height";i:414;s:9:"mime-type";s:10:"image/jpeg";}s:14:"image-1050-770";a:4:{s:4:"file";s:20:"blog_05-1050x630.jpg";s:5:"width";i:1050;s:6:"height";i:630;s:9:"mime-type";s:10:"image/jpeg";}s:13:"image-690-506";a:4:{s:4:"file";s:19:"blog_05-690x506.jpg";s:5:"width";i:690;s:6:"height";i:506;s:9:"mime-type";s:10:"image/jpeg";}s:13:"image-525-385";a:4:{s:4:"file";s:19:"blog_05-525x385.jpg";s:5:"width";i:525;s:6:"height";i:385;s:9:"mime-type";s:10:"image/jpeg";}s:13:"image-525-560";a:4:{s:4:"file";s:19:"blog_05-525x560.jpg";s:5:"width";i:525;s:6:"height";i:560;s:9:"mime-type";s:10:"image/jpeg";}}s:10:"image_meta";a:12:{s:8:"aperture";s:1:"0";s:6:"credit";s:0:"";s:6:"camera";s:0:"";s:7:"caption";s:0:"";s:17:"created_timestamp";s:1:"0";s:9:"copyright";s:0:"";s:12:"focal_length";s:1:"0";s:3:"iso";s:1:"0";s:13:"shutter_speed";s:1:"0";s:5:"title";s:0:"";s:11:"orientation";s:1:"0";s:8:"keywords";a:0:{}}}]]></wp:meta_value>
		</wp:postmeta>
		<wp:postmeta>
			<wp:meta_key><![CDATA[pb_meta]]></wp:meta_key>
			<wp:meta_value><![CDATA[a:2:{s:17:"media_library_url";s:0:"";s:23:"media_library_video_url";s:0:"";}]]></wp:meta_value>
		</wp:postmeta>
	</item>
	
	
	
	
	
	
	
	
	
	
	
	
	
	
	
	
	
	
	
	
	
	
	
	
	
	
	
	
	
	
	
	
	
	
	
	
	
	
	
	
	
	
	
	
	
	
	
	
	
	
	
	
	
	
	
	
	
	
	
	
	
	
	
	
	
	
	
	
	
	
	
	
	
	
	
	
	
	
	
	
	
	
	
	
	
	
	
	
	
	
	
	
	
	
	
	
	
	
	
	
	
	
	
	
	
	
	
	
	
	
	
	
	
	
	
	
	
	
	
	
	
	
	
	
	
	
	
	
	
	
	
	
	
	
	
	
	
	
	
	
	
	
	
	
	
	
	
	
	
	
	
	
	
	
	
	
	
	
	
	
	
	
	
	
	
	
	
	
	
	
	
	
	
	
	
	
	
	
	
	
	
	
	
	
	
	
	
	
	
	
	
	
	
	
	
	
	
	
	
	
	
	
	
	
	
	
	
	
	
	
	
	
	
	
	
	
	
	
	
	
	
	
	
	
	
	
	
	
	
	
	
	
	
	
	
	
	
	
	
	
	
	
	
	
	
	
	
	
	
	
	
	
	
	
	
	
	
	
	
	
	
	
	
	
	
	
	
	
	
	
	
	
	
	
	
	
	
	
	
	
	
	
	
	
	
	
	
	
	
	
	
	
	
	
	
	
	
	
	
	
	
	
	
	
	
	
	
	
	
	
	
	
	
	
	
	
	
	
	
	
	
	
	
	
	
	
	
	
	
	
	
	
	
	
	
	
	
	
	
	
	
	
	
	
	
	
	
	
	
	
	
	
	
	
	
	
	
	
	
	
	
	
	
	
	
	
	
	
	
	
	
	
	
	
	
	
	
	
	
	
	
	
	
	
	
	
	
	
	
	
	
	
	
	
	
	
	
	
	
	
	
	
	
	
	
	
	
	
	
	
	
	
	
	
	
	
	
	
	
	
	
	
	
	
	
	
	
	
	
	
	
	
</channel>
</rss>
