[{"ft_widget_area_id_1067":["ft_widget_post_most_comment-4","ft_widget_post_recent-6","archives-6","calendar-3","categories-5","nav_menu-7","meta-4","pages-2","recent-comments-2","recent-posts-2","rss-2","search-6","tag_cloud-6","text-12"],"ft_widget_area_id_1095":["woocommerce_widget_cart-3","woocommerce_price_filter-2","woocommerce_product_categories-2","woocommerce_product_categories-3","woocommerce_products-2","woocommerce_product_search-2","woocommerce_product_tag_cloud-2","woocommerce_recently_viewed_products-2","woocommerce_recent_reviews-2","woocommerce_top_rated_products-2"],"ft_widget_area_id_423":["text-5","ft_widget_post_recent-3","ft_widget_post_most_comment-2","text-10","search-4","text-4","categories-3","tag_cloud-4"],"ft_widget_area_id_882":["text-11","text-8","nav_menu-6","ft_widget_post_recent-5","ft_widget_post_most_comment-3","text-9","search-5"],"ft_widget_area_id_188":["text-2","archives-3","text-3","ft_widget_post_recent-4"],"ft_widget_area_id_370":["nav_menu-3","text-6","archives-5","text-7"],"ft_widget_area_id_388":["nav_menu-4"],"ft_widget_area_id_1096":["woocommerce_widget_cart-2","woocommerce_price_filter-3","woocommerce_top_rated_products-3","woocommerce_product_search-3"],"ft_widget_area_id_824":["nav_menu-5"],"ft_widget_area_id_553":["calendar-2","archives-4","meta-3"],"ft_widget_area_id_547":["categories-4","tag_cloud-5"]},{"ft_widget_post_most_comment":{"4":{"title":"Most commented - Fable","post_count":3},"2":{"title":"Most Commented","post_count":3},"3":{"title":"Most Commented","post_count":3},"_multiwidget":1},"ft_widget_post_recent":{"6":{"title":"Recent post - Fable","post_count":3},"3":{"title":"Recent Posts","post_count":3},"5":{"title":"Recent Posts","post_count":3},"4":{"title":"Recent posts","post_count":3},"_multiwidget":1},"archives":{"6":{"title":"Archives","count":1,"dropdown":0},"3":{"title":"Archives","count":1,"dropdown":0},"5":{"title":"Archives","count":1,"dropdown":0},"4":{"title":"Archives","count":1,"dropdown":0},"_multiwidget":1},"calendar":{"3":{"title":"Calendar"},"2":{"title":"Calendar"},"_multiwidget":1},"categories":{"5":{"title":"Categories","count":1,"hierarchical":0,"dropdown":0},"3":{"title":"Categories","count":1,"hierarchical":0,"dropdown":0},"4":{"title":"Categories","count":1,"hierarchical":0,"dropdown":0},"_multiwidget":1},"nav_menu":{"7":{"title":"Custom Menu","nav_menu":6},"6":{"title":"Menu Widget","nav_menu":37},"3":{"title":"Galleries","nav_menu":6},"4":{"title":"Instructional Videos","nav_menu":7},"5":{"title":"Shortcodes","nav_menu":2},"_multiwidget":1},"meta":{"4":{"title":"Meta"},"3":{"title":"Meta"},"_multiwidget":1},"pages":{"2":{"title":"Pages","sortby":"post_title","exclude":"347,350,491,488,421,301,308,368,366,554,358,361,389,960,967,963,986,975,957,398,392,980,945,941,995,991,395,948,364,1019,710,325,316,319,322,685,917,541,704,311,865,696,4,7,13,1028,15,17,19,22,25,27,30,33,36,39,41,1031,44,47,50,52,56,58,61,1010,1068,64,67,70,73,76,78,81,83,85,88,91,94,97,99,102,105,108,1034,548,677,329"},"_multiwidget":1},"recent-comments":{"2":{"title":"Recent Comments","number":5},"_multiwidget":1},"recent-posts":{"2":{"title":"Recent Posts","number":5,"show_date":true},"_multiwidget":1},"rss":{"2":{"title":"RSS","url":"http:\/\/themeforest.net\/feeds\/users\/QuanticaLabs.atom","link":"http:\/\/themeforest.net\/","items":3,"error":false,"show_summary":1,"show_author":1,"show_date":1},"_multiwidget":1},"search":{"6":{"title":"Search"},"4":{"title":"Search"},"5":{"title":"Search"},"_multiwidget":1},"tag_cloud":{"6":{"title":"Tag Cloud","taxonomy":"post_tag"},"4":{"title":"Tags","taxonomy":"post_tag"},"5":{"title":"Tag Cloud","taxonomy":"post_tag"},"_multiwidget":1},"text":{"12":{"title":"Text","text":"Nulla sapien lectus consectetur sit amet justo in malesuada bibendum sapien Praesent viverra.","filter":true},"5":{"title":"Text Widget","text":"Pulvinar forte maestro node terminal est elipsis prism morbi nulla a metro interdum nordea:\r\n[pb_list bullet=\"style_2.png\" css_class=\"pb-margin-top-20\"]\r\n<ul>\r\n<li>Friendly and welcoming place<\/li>\r\n<li>Science and art classes<\/li>\r\n<li>Positive learning environment<\/li>\r\n<li>Educational field trips<\/li>\r\n<\/ul>\r\n[\/pb_list]","filter":false},"10":{"title":"","text":"[pb_box css_class=\"aligncenter\" icon_enable=\"0\" icon=\"app.png\" background_color=\"FFFFFF\" border_top_style=\"solid\" border_top_width=\"5\" border_top_color=\"F5F5F5\" border_right_style=\"solid\" border_right_width=\"5\" border_right_color=\"F5F5F5\" border_bottom_style=\"solid\" border_bottom_width=\"5\" border_bottom_color=\"F5F5F5\" border_left_style=\"solid\" border_left_width=\"5\" border_left_color=\"F5F5F5\" padding_top=\"25\" padding_right=\"25\" padding_bottom=\"25\" padding_left=\"25\"][pb_box_header important=\"4\" align=\"center\" text_color=\"56509F\"]Free Call[\/pb_box_header][pb_box_text text_color=\"707070\"]Pulvinar est metro ligula blandit maecenas retrum gravida cuprum magna terminal est nulla.[\/pb_box_text][pb_header important=\"5\" font_size=\"0\"]1-800-32-34-36[\/pb_header][pb_button src=\"#\" src_target=\"_self\" size=\"small\" arrow_enable=\"1\" text_color=\"FFFFFF\" bg_color=\"FE6500\" text_color_hover=\"FFFFFF\" bg_color_hover=\"56509F\"]Contact Us[\/pb_button][\/pb_box]","filter":false},"4":{"title":"Accordion Widget","text":"[pb_accordion header_font_size=\"0\" animation_enable=\"1\" animation_duration=\"400\" animation_easing=\"easeOutExpo\"][pb_accordion_panel][pb_accordion_panel_header]Program with after-school care[\/pb_accordion_panel_header][pb_accordion_panel_content]Pulvinar est metro ligula blandit maecenas retrum gravida cuprum magna terminal est nulla.[\/pb_accordion_panel_content][\/pb_accordion_panel][pb_accordion_panel][pb_accordion_panel_header]Positive learning environment[\/pb_accordion_panel_header][pb_accordion_panel_content]Elipsis magna a terminal nulla elementum elite forte maecenas est magna etos interdum vitae est.[\/pb_accordion_panel_content][\/pb_accordion_panel][pb_accordion_panel][pb_accordion_panel_header]Educational field trips[\/pb_accordion_panel_header][pb_accordion_panel_content]Diaspis movum blandit elementum pulvinar detos morbi a dosis maecenas retrum gravida.[\/pb_accordion_panel_content][\/pb_accordion_panel][pb_accordion_panel][pb_accordion_panel_header]Friendly and welcoming place[\/pb_accordion_panel_header][pb_accordion_panel_content]Pulvinar est metro ligula blandit maecenas retrum gravida cuprum magna terminal est nulla.[\/pb_accordion_panel_content][\/pb_accordion_panel][\/pb_accordion]","filter":false},"11":{"title":"","text":"[pb_box css_class=\"aligncenter\" icon_enable=\"0\" icon=\"app.png\" background_color=\"FFFFFF\" border_top_style=\"solid\" border_top_width=\"5\" border_top_color=\"F5F5F5\" border_right_style=\"solid\" border_right_width=\"5\" border_right_color=\"F5F5F5\" border_bottom_style=\"solid\" border_bottom_width=\"5\" border_bottom_color=\"F5F5F5\" border_left_style=\"solid\" border_left_width=\"5\" border_left_color=\"F5F5F5\" padding_top=\"25\" padding_right=\"25\" padding_bottom=\"25\" padding_left=\"25\"][pb_box_header important=\"4\" align=\"center\" text_color=\"56509F\"]Free Call[\/pb_box_header][pb_box_text text_color=\"707070\"]Pulvinar est metro ligula blandit maecenas retrum gravida cuprum magna terminal est nulla.[\/pb_box_text][pb_header important=\"5\" font_size=\"0\"]1-800-32-34-36[\/pb_header][pb_button src=\"#\" src_target=\"_self\" size=\"small\" arrow_enable=\"1\" text_color=\"FFFFFF\" bg_color=\"FE6500\" text_color_hover=\"FFFFFF\" bg_color_hover=\"56509F\"]Contact Us[\/pb_button][\/pb_box]","filter":false},"8":{"title":"Accordion Widget","text":"[pb_accordion header_font_size=\"0\" animation_enable=\"1\" animation_duration=\"400\" animation_easing=\"easeOutExpo\"][pb_accordion_panel][pb_accordion_panel_header]Program with after-school care[\/pb_accordion_panel_header][pb_accordion_panel_content]Pulvinar est metro ligula blandit maecenas retrum gravida cuprum magna terminal est nulla.[\/pb_accordion_panel_content][\/pb_accordion_panel][pb_accordion_panel][pb_accordion_panel_header]Positive learning environment[\/pb_accordion_panel_header][pb_accordion_panel_content]Elipsis magna a terminal nulla elementum elite forte maecenas est magna etos interdum vitae est.[\/pb_accordion_panel_content][\/pb_accordion_panel][pb_accordion_panel][pb_accordion_panel_header]Educational field trips[\/pb_accordion_panel_header][pb_accordion_panel_content]Diaspis movum blandit elementum pulvinar detos morbi a dosis maecenas retrum gravida.[\/pb_accordion_panel_content][\/pb_accordion_panel][pb_accordion_panel][pb_accordion_panel_header]Friendly and welcoming place[\/pb_accordion_panel_header][pb_accordion_panel_content]Pulvinar est metro ligula blandit maecenas retrum gravida cuprum magna terminal est nulla.[\/pb_accordion_panel_content][\/pb_accordion_panel][\/pb_accordion]","filter":false},"9":{"title":"Text Widget","text":"Pulvinar forte maestro node terminal est elipsis prism morbi nulla a metro interdum nordea:\r\n[pb_list bullet=\"style_2.png\" css_class=\"pb-margin-top-20\"]\r\n<ul>\r\n<li>Friendly and welcoming place<\/li>\r\n<li>Science and art classes<\/li>\r\n<li>Positive learning environment<\/li>\r\n<li>Educational field trips<\/li>\r\n<\/ul>\r\n[\/pb_list]","filter":false},"2":{"title":"About Us","text":"Elipsis magna a nulla elite forte maecenas est elementum magna etos interdum movum morbi vehicula morbi.\r\n[pb_space height=\"20\"][\/pb_space]<img class=\"alignnone size-full wp-image-936\" src=\"http:\/\/quanticalabs.com\/wp_themes3\/fable\/wp-content\/uploads\/sites\/8\/2014\/12\/logo_footer.png\" alt=\"logo_footer\" width=\"186\" height=\"75\" \/>","filter":false},"3":{"title":"Our Features","text":"Nunc gravida rutrum mauris vehin hasellus ac pretium augue vivamul lacus ligul mattis ac vene:\r\n[pb_list bullet=\"style_4_alt.png\" css_class=\"pb-margin-top-20\"]\r\n<ul>\r\n<li>Friendly and welcoming place<\/li>\r\n<li>Science and art classes<\/li>\r\n<li>Positive learning environment<\/li>\r\n<li>Educational field trips<\/li>\r\n<li>Writing and reading classes<\/li>\r\n<li>Science and art classes<\/li>\r\n<\/ul>\r\n[\/pb_list]","filter":false},"6":{"title":"Accordion Widget","text":"[pb_accordion header_font_size=\"0\" animation_enable=\"1\" animation_duration=\"400\" animation_easing=\"easeOutExpo\"][pb_accordion_panel][pb_accordion_panel_header]Program with after-school care[\/pb_accordion_panel_header][pb_accordion_panel_content]Pulvinar est metro ligula blandit maecenas retrum gravida cuprum magna terminal est nulla.[\/pb_accordion_panel_content][\/pb_accordion_panel][pb_accordion_panel][pb_accordion_panel_header]Positive learning environment[\/pb_accordion_panel_header][pb_accordion_panel_content]Elipsis magna a terminal nulla elementum elite forte maecenas est magna etos interdum vitae est.[\/pb_accordion_panel_content][\/pb_accordion_panel][pb_accordion_panel][pb_accordion_panel_header]Educational field trips[\/pb_accordion_panel_header][pb_accordion_panel_content]Diaspis movum blandit elementum pulvinar detos morbi a dosis maecenas retrum gravida.[\/pb_accordion_panel_content][\/pb_accordion_panel][pb_accordion_panel][pb_accordion_panel_header]Friendly and welcoming place[\/pb_accordion_panel_header][pb_accordion_panel_content]Pulvinar est metro ligula blandit maecenas retrum gravida cuprum magna terminal est nulla.[\/pb_accordion_panel_content][\/pb_accordion_panel][\/pb_accordion]","filter":false},"7":{"title":"Text Widget","text":"Pulvinar forte maestro node terminal est elipsis prism morbi nulla a metro interdum nordea:\r\n[pb_list bullet=\"style_2.png\" css_class=\"pb-margin-top-20\"]\r\n<ul>\r\n<li>Friendly and welcoming place<\/li>\r\n<li>Science and art classes<\/li>\r\n<li>Positive learning environment<\/li>\r\n<li>Educational field trips<\/li>\r\n<\/ul>\r\n[\/pb_list]","filter":false},"_multiwidget":1},"woocommerce_widget_cart":{"3":{"title":"Cart","hide_if_empty":0},"2":{"title":"Cart","hide_if_empty":0},"_multiwidget":1},"woocommerce_price_filter":{"2":{"title":"Filter by price"},"3":{"title":"Filter by price"},"_multiwidget":1},"woocommerce_product_categories":{"2":{"title":"Product Categories","orderby":"name","dropdown":0,"count":"1","hierarchical":0,"show_children_only":0},"3":{"title":"Product Categories","orderby":"name","dropdown":"1","count":"1","hierarchical":0,"show_children_only":0},"_multiwidget":1},"woocommerce_products":{"2":{"title":"Products","number":"3","show":"","orderby":"date","order":"desc","hide_free":0,"show_hidden":0},"_multiwidget":1},"woocommerce_product_search":{"2":{"title":"Search Products"},"3":{"title":"Product Search"},"_multiwidget":1},"woocommerce_product_tag_cloud":{"2":{"title":"Product Tags"},"_multiwidget":1},"woocommerce_recently_viewed_products":{"2":{"title":"Recently Viewed Products","number":"3"},"_multiwidget":1},"woocommerce_recent_reviews":{"2":{"title":"Recent Reviews","number":"3"},"_multiwidget":1},"woocommerce_top_rated_products":{"2":{"title":"Top Rated Products","number":"3"},"3":{"title":"Top Rated Products","number":"5"},"_multiwidget":1}}]